risk_level,transaction_volume
0,462.08616041937074
1,525.6559755949335
0,1486.6309440695115
0,1228.0244248089148
2,404.23504474354587
2,2287.8389092158695
1,876.1447479448242
0,2127.6584041393453
0,624.2067256352394
1,388.53795242942977
0,2879.82886815228
2,14.096180755333265
0,873.074992062416
0,329.68220808445676
2,975.7053597939406
0,380.68077957310305
1,384.9384662481181
0,456.42495960448554
2,1672.7697286350603
2,292.6739875170234
1,1364.976016963736
2,348.98649720063645
2,532.9753132378473
2,193.68174087805443
0,86.53238535782657
2,548.3760085787322
0,1664.2359461693434
1,3113.3650117754632
0,1050.161048017952
0,395.55997371220025
0,1205.4493268164283
1,410.13528717847703
0,622.2914951796764
0,1357.8916279646096
0,3566.9670189964268
0,361.72226212601015
0,1172.6574273659323
0,482.5073219608325
0,316.43696720196584
0,475.7340716435176
0,2655.6257788650933
2,217.03425737592207
2,759.5392355999627
0,524.6962563991983
2,2841.717619373207
2,2461.9507224021163
2,2233.3596866914663
0,1353.2500806358607
2,84.11809418972902
2,711.8706180797475
0,2099.8580891814963
1,1222.659342765177
2,816.5367571703379
2,79.90641565808721
2,641.9394345280715
0,623.4366831176013
0,975.0098405459399
0,86.37728820840651
0,362.1900174532642
1,2322.7519526762985
1,75.32485531900637
0,2603.0810048800718
2,1451.1766057057127
0,406.148910831497
2,900.5495290948941
2,2147.3488678092563
0,2859.211449672404
0,1716.199511417158
2,1450.2658431362652
2,5070.086560781394
0,929.6145965615945
0,540.0654219358906
0,1703.6122922946213
1,117.45462685850762
0,1237.8092576060164
2,850.6813480488298
0,279.57906670665216
0,3145.1864436467313
0,724.5251663127385
0,847.4949226630595
2,94.55784639208142
0,894.328248486549
0,244.90178633437296
0,337.1362257816224
2,4004.2714712154366
0,1011.043357279841
0,168.7031342319295
2,1041.5278797508367
1,969.4917981324079
0,770.307206348934
2,104.40211919958263
2,317.3123702653136
2,138.9850423071599
0,2917.78312202079
1,637.152777836208
2,81.11992630175742
0,507.01912085604425
0,1585.4537516091252
0,56.22157980210869
0,113.54538437230045
0,153.9323686353173
0,140.18706895361268
2,472.9307542076965
0,216.33828982665614
0,791.3987257157542
0,580.7963642927356
0,1159.5457687757778
0,602.1875423029853
2,859.9464725676335
0,794.1210843552059
0,854.2450558619876
0,1081.6327639935403
2,250.21611638678604
2,1821.1902241258406
0,894.5700116681116
0,1272.0997724069307
0,2600.74403693492
0,1815.5511580799082
0,116.25834261576385
2,124.73975355198687
0,33.98127999768455
2,261.8019841476951
2,1462.1123710417792
2,787.7530244254808
0,145.4127854507032
2,1079.5902657406955
0,49.647999551219314
2,345.74899001092166
0,295.1709280257432
0,34.57237756363445
2,135.11500044719864
0,103.54688332304374
0,930.8359547317172
1,533.2076269561047
2,1429.2119491445
0,146.84032741120808
2,495.3306687499333
2,1472.391275655014
1,4212.867919710834
2,1850.183827961322
2,668.0199804518086
0,3410.810113342052
0,1968.303934166072
2,459.2770846657984
2,1205.124956421506
2,3712.2117822937485
1,192.7866876692531
0,2828.96219235667
1,54.04340123711011
0,12.123174376944958
0,663.5098780814533
0,1057.035916661005
2,7.757168448776792
2,611.3874853967502
0,741.8178605765194
2,264.07954451334365
2,1941.9521582934024
0,799.8594801630641
0,279.8519709982978
1,1436.79847432422
0,1903.203432387491
0,2418.737065454627
2,1983.8827194406108
0,509.57656780650495
2,26.517078104238767
2,0.7996676346685537
1,1319.4928902531747
0,794.1896809016852
0,837.4044463692638
0,259.19592725076706
0,103.69056412665597
0,889.8429163227992
2,373.3809714414257
0,1408.8281114694416
0,2703.952314460779
0,801.4677137946807
2,801.2427346399784
2,137.93761764922672
0,797.0593185425912
0,140.34509788976294
0,828.7078879812035
0,1159.608440563838
0,1533.2529866362436
0,560.922825149843
0,298.86905030438646
1,681.6568224569113
0,2603.3509580111827
2,238.44158329119264
2,42.10417516839377
1,689.5245043406329
0,526.337481269965
2,4861.956333534223
0,705.6922258991708
2,15.559249522936787
2,269.55666936325036
2,500.5843213998663
0,85.19476467551031
2,1417.034903419636
2,76.64810344593549
2,1702.104198224666
0,794.580517840136
2,422.7714315059529
2,2727.9703041395715
0,279.34297328106777
0,1186.328429930079
0,1941.349258396367
0,2107.7462468007875
0,2282.7759812530294
0,2068.1202577545887
0,2452.9268716358483
0,927.4277655893263
2,57.86916234897837
0,1765.5187618594084
2,138.03702072574472
2,2367.304909873727
0,264.1953721603201
2,279.85047516472
0,1774.1438030903387
1,547.9603720694372
0,287.53844331156915
0,200.30936676841642
2,627.9971852831645
0,534.0330771006693
0,1739.5102120313
0,2692.582726522254
0,96.59167763893049
0,35.16950915844827
2,328.56892572501937
0,510.41734003697593
0,2055.5255014520085
1,117.40487168000317
0,238.61196048696291
2,361.98614123919316
1,1370.4028088330306
0,1032.1231014012892
2,245.9582875462527
0,1530.4413213293888
0,175.09321750336295
0,1493.4111307940366
2,296.5892806069495
2,141.62657252748784
0,1593.291736425458
1,51.749141132672776
0,638.6297105973214
0,687.5962739774026
1,738.0043176694086
0,168.98762757332756
1,1376.0305902011778
1,3153.772902113207
0,1319.6891948740245
0,2.3970231358973972
0,427.19243995570935
0,1785.4064642969302
0,3944.2457273600685
0,3599.5337329595154
2,428.5503515604991
2,403.7055335607496
0,266.38356278275273
0,822.8663237789615
0,6.444367833385162
2,635.5530809376692
2,496.8351402769733
2,44.71888317342101
0,456.7718586420486
1,427.71908786462393
1,235.75999289036662
1,187.69624821676067
0,984.946461971217
0,914.622014915349
0,1638.1391394306333
1,988.2377732036048
0,1055.0482693324302
0,1901.7806742170405
0,92.42076950447026
1,2228.6279541036497
0,809.5760643360135
0,278.8560944658903
0,13.989810958247828
2,1053.333375039221
1,275.5635754379291
0,2066.276879568036
2,545.495564289793
0,1414.3297186764814
2,137.10858542325164
1,753.6607808723148
0,630.2182967520195
0,8.985084459872944
0,168.2875181621628
0,1666.060785300073
2,62.03092127877984
2,863.5619178552346
0,1388.55230037555
1,51.109880023925584
0,1905.7896420935526
2,720.5816754581266
0,130.88082321344893
1,838.1131270068927
2,591.0963278652413
2,356.4417348130432
0,83.71224487992893
0,692.3065340414726
0,121.66304978337759
2,2098.6773356352005
0,3073.9522324722984
1,1692.464350491436
1,450.4286366359117
0,594.021074572429
0,438.94330544781275
0,90.98238817328
0,1130.9913588409406
2,21.907395908702842
1,1226.9918828943405
0,165.7184415600419
0,696.1086836429041
2,2707.6258772901047
1,183.324463429807
2,1092.3388493483028
0,926.3046780221079
0,90.90379564565237
0,2968.8608502635857
0,14.514584663458537
0,205.6407438346851
0,557.6263582592428
0,141.31884794656247
0,32.91482551307616
0,1244.125404387202
0,980.6954958903714
0,763.393405711886
0,2578.7951976518266
0,685.0164553804195
2,5629.817148402067
1,575.5360247331732
0,889.5624848092267
0,851.6669040398048
1,522.1530161874588
0,2976.694690516453
0,1370.477287203527
1,280.8660703426859
1,148.0334075427416
1,874.4026198982982
0,177.83507146669334
1,433.7797883788659
1,305.10057898286266
0,319.9822619563183
0,510.9345111074186
2,1630.7957465426384
0,136.6570754722925
1,192.78799614334164
1,393.9253299299785
0,1890.3886801098624
0,79.65075097159051
0,753.1373902605563
0,84.68932031028442
2,2668.6271961145044
0,84.49645549769137
0,778.4270232700761
0,679.7807977237824
0,3052.128705893948
0,851.692331266889
0,676.3490389112004
0,2300.7140563543553
0,3017.8404066131625
0,1614.4653896888613
0,402.7302568945203
0,229.7620841843979
0,520.3030342653415
0,1018.0653814847637
1,947.4549965015864
1,148.64289048896543
0,745.4115977305213
0,1830.2591642913394
2,546.7095765345613
1,244.2341590349364
0,156.81882120009544
1,647.3346640615812
2,1581.165419937763
0,2705.674123507008
0,1631.2290541211087
0,160.6076990645193
1,1744.4809335561336
0,3484.9417648388885
1,1844.8807282028208
0,268.52734129537095
0,637.2673279181643
0,176.49484920887494
0,82.37923151924605
1,1220.6898894681613
0,77.15677347707265
0,1007.9264780604666
0,826.7131942339724
0,947.2166185648292
2,374.3513896763458
0,884.8495109643032
2,280.8178724938698
0,1476.7505531703475
0,345.16039679117506
0,251.9383552676576
0,1730.0115610750165
0,2330.6703624756583
0,175.1874966101778
0,234.70729373695735
1,623.1289899732734
0,585.4792225479007
0,1170.8928533862138
1,3300.3804933312067
2,592.7259522226246
0,549.8218103172123
0,1096.0805067067388
2,2343.6859977823656
0,0.9661569315817548
0,1445.8470134124477
1,318.019706558206
1,8.863739649957727
2,1062.1676099635458
0,825.2781391027917
0,1279.4989784130964
0,493.3275245102688
0,2344.5765456295658
1,1961.8333385035833
0,89.43629250675674
0,1280.6648712293857
0,2177.870704469984
0,1171.8088066796247
1,1300.2710248585913
0,36.255378516096535
0,215.95784841777774
1,72.07923399624923
0,3278.822415559429
0,2747.1284643054473
0,756.5397735864618
0,1798.5269720833805
0,278.9504678355954
1,1225.3453945509398
1,936.3264623224127
0,1390.7597014256412
0,223.48877263224205
0,31.846522478819576
0,301.3821775670454
0,2981.879263386302
1,1038.0906097215893
0,3329.2715051473447
0,1025.273740409882
0,398.12250316975815
1,854.8709324515086
0,461.9032001270262
0,2865.0582931117865
0,1079.3351156470148
0,209.22126034843484
0,879.8933468358254
0,121.4430367414913
0,422.4547624608983
0,235.3730426561947
0,1938.45861279273
0,2493.9599679766934
2,1182.727852899522
1,751.0052716583806
0,339.2249600173838
0,3341.7607595329164
1,1186.4399745566004
2,189.015726765401
2,787.5026928208439
0,188.13851060597239
1,726.2249009328692
0,1750.7502189893994
0,306.03266739185415
0,870.5873443609765
0,628.3341845690901
0,3647.450836315149
0,322.9383247267062
0,200.9127532755649
0,1739.688077127594
2,209.39124436697827
0,216.11963557140797
0,624.9166486210108
2,231.03472676018617
0,589.344260348223
0,174.89331513898273
1,3594.399974669338
1,520.742758609375
2,808.0734987540703
2,2488.810908893951
0,443.93479151463504
0,727.6464410419262
2,3859.3184599062442
0,931.196832042656
0,725.8857912748375
0,371.5752253362995
2,698.962072361824
0,201.68758847003753
1,3361.9049898404064
1,1480.566007840036
0,326.07397539624947
0,250.8332072152255
1,1565.101571878873
0,2003.1162360991264
2,932.5265194011711
1,1288.1035735249866
0,992.4909264668432
0,533.9832126147137
0,3197.841577756294
1,588.6066480763227
0,308.4239991418651
0,305.50301529911496
0,1232.8109941394298
0,156.02143324815142
0,528.4265551443308
0,1371.0345570010568
0,1127.469656771641
0,284.7875345236715
1,1047.7771846249868
0,81.8781550283609
0,1022.1798086745208
0,687.3614040700269
0,127.41672397989714
0,274.0047791846985
0,192.6930588994152
2,1820.6856757708533
0,597.8789979590141
0,155.09782080356703
0,1888.053362478729
0,639.1093981348298
1,1490.098625144654
0,791.7134115953364
1,1587.445019198784
0,720.53392375752
0,127.20060682975048
1,59.8131608988154
0,1128.4315497431755
2,65.6709214702993
1,438.40106303765674
1,2019.9321135184566
1,1453.0612467737521
0,671.0215411968496
1,447.75218458150374
0,701.8060965990785
0,508.40703057823987
0,2065.99012330057
1,809.0593616233839
0,2876.017177906306
1,5124.926618481833
0,696.1558596589707
0,2166.6799473369906
0,534.5682017092829
1,138.72637810368946
0,850.565149286638
0,493.7552236190093
2,2440.5769576640528
1,1242.4242993426938
1,733.0754873580903
1,1370.0344379702096
0,2114.5135203745913
0,1642.584485192096
0,417.71213316243563
0,202.53965396928146
0,1678.2284377529845
0,1268.6279120276974
1,523.0699582024837
0,210.94842407527412
0,5549.2827396924185
0,1406.6807523495727
0,2492.656820393126
0,105.56813825720576
0,544.6474101682475
2,8.299792003371739
0,227.18764389787341
0,590.7917857063102
2,565.266048065689
0,253.6827408240454
0,75.07247417372528
0,899.8211829540697
1,170.3363215230344
0,1140.120752130141
0,3299.0660775768943
0,1234.909635354113
1,1344.6312453434089
0,1248.2807501183072
1,667.6237098950164
0,123.30093129055243
0,2468.9868507505016
0,1037.6466906330754
1,1077.2595226274573
0,3132.04760520942
0,214.3766194222648
0,1020.6201788948329
0,328.93517394902835
2,1161.1100038758916
0,860.1485656875923
0,1121.6696024409878
0,572.1996069941183
2,218.85384808725112
0,319.6544857623848
0,431.2885280872474
0,1874.504594535748
1,556.0955788643885
0,1720.3478122151603
1,659.3764385330951
0,1223.529962540003
0,1095.8942565446275
0,382.2607881813708
0,2350.338619309677
1,474.8274327091633
0,281.7039191918423
1,1181.363364624837
1,191.50802024771323
1,1731.909050033008
2,477.8660971135237
0,53.03983150291041
2,317.4028160902168
0,112.80095866901243
1,457.5280273921383
0,893.9403483610506
1,470.38617057656245
1,199.35581927299452
0,760.3434863964675
0,681.7693279919479
2,22.630250268095512
0,14.600454634005802
2,767.2392448492513
2,578.8929993786596
0,1490.187667122755
0,812.4777061685799
0,671.0394845648136
1,362.92656833641144
2,494.92772706871983
0,106.2913322136114
0,1656.0234287868984
1,916.2808633903105
2,819.6637195726515
1,457.2710249192255
1,1084.2921405996863
0,168.8768242456367
0,1.3942086621044787
0,1240.341788897894
0,1210.280006663575
0,337.5640360448299
0,4435.738591696438
0,1488.7338926100635
1,1763.2785540167679
2,1492.7360178363688
1,1163.731103484671
0,21.215181122125383
0,329.12030623290195
0,1437.8648926454416
0,618.0692542186122
0,229.9477088299299
1,1940.9509172521869
0,2787.542160901855
0,570.7225202350377
1,2191.2193280550605
2,214.12565375349118
0,1731.4457541745303
0,66.89160045157394
0,688.3601138456065
0,47.03457143266912
0,272.45996086087837
0,543.8352984806754
0,1325.3507335751365
1,339.5555462644429
0,347.770997292909
0,332.9353309091808
0,217.50749051345704
0,548.6336082071408
0,1732.8849808083667
0,68.209051405738
0,361.16241290818436
1,37.58415783749174
0,423.9627679514205
1,1995.726559550177
0,611.3151792174183
0,236.46900042000195
0,206.14858554746894
2,1263.6218663108277
0,905.4992471796339
0,43.399519910292426
0,987.5390645914063
0,325.51324046014287
0,1217.3552060492534
0,1547.1544729899704
2,227.7932501231139
0,80.17868215944667
0,627.431409853134
0,2994.6818266699584
0,2363.6379994577505
0,737.6634676089343
0,1267.249673301859
0,6.774969828978561
0,2831.1486060068473
0,426.5555937049863
2,1733.3198980311004
0,2275.930904011638
2,91.52130188299653
1,953.9342410069593
0,142.96240307152365
1,229.81216590892802
0,17.704340072067335
1,2504.7914562117426
2,2782.484398669808
0,1399.5091220924762
2,47.72081122884743
0,1204.2977560304205
0,4437.960754485162
0,2465.425337231047
0,1668.9734282972129
0,1685.1436690944097
0,0.5899359436194723
0,158.31707317234273
2,779.0011726571977
1,2195.075982693371
2,1048.3587693889358
0,928.4282352390312
0,41.504834396889244
0,145.49006924388982
1,2484.76764663482
0,2806.733713316896
0,182.9968733093242
1,200.32882631338384
0,931.1603065402892
0,59.94104826982129
0,327.8671337692683
0,417.10312130912547
0,368.9740231011486
0,436.60377611862634
1,240.22622618499474
1,127.25386416103859
0,1080.020631395058
0,399.37563905264494
0,1668.9518850598502
0,525.3560036644043
0,1177.7271671686058
0,91.97288824233249
0,2412.142482769929
0,641.7726037341716
0,39.80068146898504
1,1069.405093232448
0,50.27826823027379
0,166.3555952856746
0,4544.5918695443215
1,229.6506615771171
0,140.10842671741386
1,486.0333867127608
0,1683.616992482415
2,1920.1664790271143
0,3368.1029070483987
2,890.097527807988
0,276.45372393445865
0,33.753219953712076
0,200.6405193195857
0,2688.5050337435046
2,1663.8534085152623
0,1565.7868909042809
1,6059.601430853651
0,171.20523874220785
2,564.7888829651012
0,2569.4999741141205
0,1340.7777948265277
2,301.5321677341824
0,625.7685058665692
0,440.20329256327517
0,903.3864572841637
0,1573.9901615176705
1,3547.2287794689187
0,1581.892649402466
0,152.80589077399026
0,337.2333394461749
0,917.1959699798889
0,2163.559009443344
2,40.19887791822069
0,184.6726310253626
0,166.17564679157687
0,2219.611479855331
0,148.12033170731294
0,1853.239226991191
0,601.837399369339
0,599.5719629764694
0,708.0613450977431
0,498.0588661758043
0,663.6510797026115
0,301.30940870096833
1,92.3612915737657
0,1075.7359508108996
0,1573.5974845935066
0,2237.6997873658197
0,2229.1855786929054
0,2450.8274156704524
2,1774.147650935307
0,309.7395491678663
1,358.5723936324918
1,570.8001223473425
0,189.2059543453716
1,976.5231471918542
1,756.6070184234528
0,1041.7108827243983
0,263.7396323643925
0,157.62961829632422
0,200.90008170159777
1,134.659574337224
0,66.75391602183608
0,499.92268047076226
0,269.14928382194506
0,391.4489322978624
1,194.10749156682172
1,4416.061299534194
1,2615.3543469529295
0,5024.471070371934
1,365.69687363030454
1,300.4217355355096
2,1935.8448045126684
0,1465.591125771339
2,980.6187320129198
1,328.728869762915
0,233.45024803127208
2,2144.80194100323
2,1919.0910537350442
0,1187.9795995438615
2,517.1719056050475
1,1085.4805955155036
0,917.0146880598959
0,2329.104772670876
1,458.2395921990459
2,536.6955757424588
2,601.1300440711117
0,436.0483209178546
1,505.11367903301596
0,190.70118013299322
0,99.74372861000718
0,3044.1358359952683
0,391.2421400784798
0,900.2972496639115
0,1177.9213524272666
0,366.63653785483274
0,214.63177787477673
0,575.8107666342827
0,1649.274613528213
1,2255.9407532922933
0,3429.4587364519284
0,537.2400777296581
0,2221.7350596641286
0,104.0999495629787
0,186.27709791189827
1,575.4512305904404
1,324.9320356585086
1,387.10369900989986
0,44.19450602836358
1,1476.8906615659344
0,678.251192161285
0,3347.0315883592166
0,427.40285601525403
0,362.4451559055419
0,770.7578166446531
0,228.17563888721347
0,1043.888046838082
2,2500.7631216404593
0,1664.0783126814442
1,200.39955027117327
0,1710.7868956307777
0,943.7210369602578
1,51.01293059596312
0,3463.365868718002
0,336.902831424222
0,295.42951627393194
0,1582.1747190079327
1,1153.4590500098639
0,949.6083591428866
0,363.15184711036744
0,970.8506535102407
0,126.02173541449433
2,1208.7070364133672
0,2140.292919457035
0,467.3397842972367
0,314.79073709038397
0,1245.9534567458506
0,1343.4529251359527
0,503.3285848336847
0,1488.7664989676987
0,3749.272710570006
1,2385.589280457749
2,518.9655000570807
0,561.1021948043608
1,1886.011805153512
0,323.2932861313199
0,300.2660541809144
2,3733.6993201958376
0,749.351987775953
1,1654.5693694721988
0,317.1754898262383
1,10.808063559204586
1,2343.7308639257994
0,994.2371525124693
1,1497.2272247650985
0,507.7814280143921
0,1012.1816275088324
0,810.7157386185075
0,134.91066607501455
0,449.4419919169891
0,1019.0892705027261
1,1094.2739153179666
2,1370.494330258774
0,2053.3798416277546
1,1457.9328866577675
0,1385.1486943714247
0,819.7277973017783
2,1840.1826347870467
2,120.43599436437025
1,450.82605513393685
2,166.45158850463235
0,1665.9044653129113
0,1797.1200317518358
1,2653.163069114264
1,284.6302550269333
0,36.08855264570924
0,3812.6418332677204
0,304.92020844213164
2,802.705946915023
0,207.82797510792943
2,473.0602851161156
0,1814.8068661486197
0,1032.7232395995175
1,1645.4358999119802
0,1496.8084732497302
0,2155.275531593648
0,293.24123903756504
0,10.562592870700668
0,1502.1485116571578
0,256.9892707314735
0,5584.071054048705
0,387.839701722482
2,187.92880512853168
0,176.7625935429496
0,636.120208024358
0,511.0556758319743
0,1916.6093578803097
0,484.4301695578092
0,74.70525560863969
0,1216.9480650806079
0,487.714619319987
0,30.15117900434304
0,324.3101989312561
0,841.6773753706121
0,191.002581741856
1,125.47881174857733
0,829.4644564827893
2,395.4136773449973
1,823.8229154405756
0,957.3960310379262
0,429.4313901026219
0,457.540271457967
0,3589.8340650457494
0,174.9969874567435
0,675.172112033091
0,166.12366543534029
0,758.621310061315
0,517.8797268117621
0,680.7930292426263
0,767.8573675275634
2,193.0071775419513
1,288.51635520910196
0,77.95868649108645
0,797.5885033484242
0,3382.805666537541
0,253.14998032737662
1,2200.6778635781475
0,2107.4604674300367
1,248.14426888368416
1,1300.0457817399033
0,888.8537012638263
0,1001.4951860927928
0,1925.9493345148612
0,1630.3307532391684
2,601.7730490578347
0,158.9260153901138
0,448.7231985508979
0,2626.949218225032
0,163.00981010106236
0,1517.2877443006914
0,100.50849267825772
0,463.941163647341
1,1635.15878380458
2,771.6982210920905
1,1338.882186683513
0,1290.1544488554755
2,723.1198419960748
0,1042.0357281346437
0,2721.319808332641
0,322.9982024528175
0,2036.3524069454595
0,2432.621180978303
1,808.8331471765451
0,563.2022104823787
2,786.4712024816235
0,921.7871364008204
0,13.547681213983335
0,1192.6968490554543
0,1289.8595863458386
2,340.43684071136295
0,107.95584547690784
0,2154.1043692316357
2,743.845070769616
0,371.080029111461
0,1847.4327546842987
0,250.6395432997567
1,690.4494172395454
0,2121.98108080369
0,1468.5140201785891
0,485.80538321043167
0,189.29211847566617
1,357.46534757544254
0,248.29102063219412
0,6.971398914039023
2,2517.314340527015
2,1572.0374472817384
0,1169.1998448878112
0,213.1666911378719
0,1769.5050145283533
0,338.6821561665025
0,890.4642865410051
0,587.3651001092477
0,1212.5286710581672
0,892.145846957451
1,2096.5400266026704
0,960.4616343254155
0,1289.959300195087
1,1276.108083864479
1,1192.6083225696377
1,15.690370051844445
0,182.48050529232728
0,756.0756262929413
0,264.0633891908283
0,297.02768994737147
0,899.8961431483501
0,703.0235654632377
0,1103.1047617419392
0,1348.9983770868162
0,1290.6464231747523
0,79.66684844083944
0,2409.03974102808
0,247.34788328993767
0,825.196019740438
0,1995.519441973243
1,348.85135368341554
1,1676.927083855229
2,358.4879802942464
0,563.3611533655563
0,2094.6396996058616
0,216.11398425331146
0,523.3847075686449
0,142.8161576871349
0,3845.8961778244643
0,206.35334538997876
0,626.954103683009
2,2352.772901963032
0,186.41399408422564
0,170.91457832646853
0,858.7421585714437
0,1828.5704176460345
0,1018.3093374501517
0,5472.606124085753
0,1185.5587429468071
0,386.80620377578913
0,726.1175467663738
0,1695.0003927655396
1,494.5688601756118
0,126.7749540180149
0,5384.000323273182
0,391.3231125336531
0,1449.2450730415549
1,330.100843319781
1,46.34382349624374
0,1530.407929858714
1,255.28910441769548
0,1638.3986832640257
0,866.0654385240775
0,618.2579298846276
0,223.74507110396112
2,2556.3318151912
1,394.5855298293938
0,181.72629089143493
0,685.0450095379979
2,2283.851573748126
1,108.88577771337728
0,18.70523972556343
1,687.5393754337639
0,237.09766475845382
0,1589.9031512303932
0,257.87436818171824
0,482.9418516834169
1,521.9053418292601
0,4227.245493905324
0,1746.3316752309813
0,739.4595054212493
0,236.60269661587492
0,423.6901657868576
0,902.448709278699
0,157.32556485569248
0,118.13659380498098
0,1914.7072868005444
2,1507.8075501261806
2,177.72929163285153
0,791.3677214334016
1,1279.3759480573074
0,3207.2013620578064
1,4962.867053396575
0,2139.578762583202
0,87.25824040583034
0,128.70839369862605
0,2803.924052433302
1,507.41262690251176
0,865.9316596705204
1,954.9936853798021
0,646.8582968812161
0,52.329715473319006
2,302.44216214616904
1,298.2194237394695
0,587.4524264227412
1,86.71539595466216
0,1764.9532868678514
0,7536.348849951181
1,426.1233213340029
0,1039.6020929775646
1,1724.9637491613896
0,1822.2410339165588
0,609.0439574156719
2,806.7693951671768
0,485.2594869919887
0,789.8344046605474
1,651.362374182415
1,19.936046082321468
0,560.5014973176575
0,1828.4023354876524
0,730.336514873144
0,164.2730001637254
0,287.72106293074074
2,549.1254499487351
0,912.2113806786234
0,713.0721774978355
0,1444.1233159716087
0,240.81845637653083
0,847.1152108626237
1,592.6283478977089
2,362.1330559303956
0,1032.8243194895588
0,984.5620779359502
2,582.3806592375649
0,4121.872120375912
0,442.7499786029061
0,732.0863501762273
1,605.0537500759067
0,1888.8091322225862
1,795.3584705185557
0,226.3144480812099
0,4060.4978175839283
0,1372.6860651007173
1,3027.177095908582
0,241.38782380966055
1,415.4228393230589
1,652.7491399138387
2,644.0470791701018
0,10.436748768658642
0,735.2076918436459
0,1689.5199728404777
0,1070.1427076377713
0,201.8599347398055
2,740.1320054542575
0,171.40565734016
0,1489.7923554616705
0,1.4229595775010107
0,136.9377031023233
0,108.95617394405672
0,790.2481253412263
0,347.8504583610764
0,35.736129908744246
0,687.6322545601513
0,1439.1167886147653
0,2258.16134441222
0,122.21593977198904
0,674.6800064743128
0,201.32399850961374
0,110.92239313349212
0,574.9307760489802
0,1087.6779554670952
0,1345.3936122596429
1,218.34729476840377
0,586.1837277223387
0,2313.259617643252
0,1216.7520837983327
0,1180.6993684094252
0,2159.8254804078915
1,860.5019200626602
0,89.72809980594404
0,761.3226297052979
0,1871.4432432005876
2,484.08629933178156
1,608.9805826934885
1,1104.2960930609552
0,499.23835379980846
0,311.86781399493844
2,964.624545145545
0,2343.202549875236
1,331.9784731258284
0,36.848291652050136
0,765.2990637095284
0,196.4234583332069
1,605.2224537381389
0,303.62103838979556
0,1233.7982530721215
0,1299.818296033611
0,394.10476257299223
0,1047.3705488906432
0,290.3592004678364
0,325.675615991931
0,594.6186752706043
0,214.08199741765793
0,596.2233126311173
0,190.85702196262196
0,3494.0079742217645
0,94.87547302117595
1,1450.1572462494341
0,934.6794326415417
1,1378.8186187701695
0,214.27783149574907
1,1677.1673216908262
2,495.9116222344216
0,750.4686696539364
0,2329.984350040736
0,32.51951337464913
0,1004.5063163022284
0,13.194272651499217
0,1351.7333090018174
1,118.13489478632191
0,92.54207150827446
0,3813.57391298946
0,2331.355160388055
0,453.027534753487
0,3.6031316354487655
1,1220.2999456042758
0,335.226228106673
0,555.7872089962876
1,575.2578705880377
0,342.95329956430965
0,2067.3672996563478
1,2501.75649242273
0,586.3563416305892
0,553.3402473207933
0,480.9877465013103
0,35.34138032136482
2,525.1638108520169
0,1923.560026458649
0,2500.247302768174
0,940.6146078440868
0,19.990098509234386
0,175.35403240500156
1,322.692067393465
0,1274.6416679994752
0,40.50737889904782
2,78.18619064883107
0,511.5523142561069
0,3049.681558768847
0,728.4842071534594
0,234.1923110635796
0,2035.446507754467
1,863.1673700358543
2,303.1412153200414
1,3959.411243314376
1,275.5603220018723
0,1598.3992951941582
0,32.52417534489075
0,1901.6126526120818
0,1206.1119763338547
0,906.1038376680405
0,327.30147537710496
0,682.253383602643
0,144.0150949718247
0,10.302046353165261
0,1513.8133339230842
0,330.3279874417528
1,1623.1156511096049
0,1400.3441502260625
0,7.075269864336958
1,1762.0620379875409
0,416.5029732202325
0,401.15440897752154
2,1112.5448258378094
1,480.48479221441335
2,866.0296942798166
1,2172.2910445073085
1,838.0820092772033
0,722.2436892271922
1,439.32210829723255
2,562.9895043491845
0,304.8765182122849
1,2175.243898801722
1,1680.345471131753
0,276.0921105328277
0,112.46704682195272
0,571.2452313535351
1,486.4190138096433
0,1300.6337878563027
0,183.9226145831794
2,750.6808709253619
0,3062.154942925955
2,1442.6390830380644
2,250.72627110624575
0,548.611788963085
0,116.56756416614047
0,146.76153928332403
0,1353.8412436694568
2,221.1358387898917
0,787.3782922152042
0,362.6395252535061
0,427.0620977600459
0,1794.160412928025
0,207.50386850693496
1,491.37843915784725
2,659.5818497207937
0,279.97551046279216
2,167.9311004359956
0,174.82567613220948
0,1258.8200803678412
0,2275.334798585553
0,2342.9462082506734
0,1846.0189989189992
0,1261.5183383125773
2,396.8863857610867
0,71.42570705605975
0,1087.4492755891172
0,362.8186830874574
1,381.48027798862614
0,1083.0637439671805
0,1445.3513648656235
0,2393.494568993629
0,247.17794451401227
0,128.8797477798922
0,1530.0401994959138
0,521.3813728131505
0,142.16715338473568
1,70.63628906105026
2,776.1917446786016
0,841.7359773566616
0,426.8167229339172
0,205.26456326479814
0,270.99243631290597
0,5502.388493769131
0,45.82882449250728
0,416.8017675934192
0,1069.0613603388026
0,2729.393165978595
2,66.94838583269079
0,1534.4011712246852
1,763.3872746372515
0,1491.2502083316604
0,89.05415317687346
2,1544.1176521776672
0,401.40410804674866
1,165.3643633334782
2,527.4352127119809
0,28.392162585119383
2,829.0587599849283
0,1425.2961536866994
0,125.10508333853926
0,1514.151024884037
0,3161.0014075950835
0,1422.0480296941255
0,844.1274030567312
0,1527.183985029893
2,187.30782614646142
0,262.8333812315474
1,720.0186263094624
0,1852.2859581751977
1,164.9158028938332
0,1655.1456840481744
0,1633.8183416053844
0,2648.336259072419
0,896.2650622086477
1,1291.4480572959078
1,159.56910646018477
0,374.44913354321454
0,26.438537933818683
0,94.59024903731265
0,739.9648359581212
0,365.8347120157492
2,210.48471539189336
1,73.52198697865099
0,495.65923511355516
1,160.3975717638199
0,98.47671003404106
0,2014.1193444809753
0,1459.970109873236
0,831.2876643377714
1,456.30575988200513
0,302.9114202750217
1,27.409758380247247
0,2527.4806943583053
2,1437.0259882622881
0,517.9662711027271
0,403.84504730142214
0,2246.32462832861
0,242.92076488000785
1,824.985201103158
2,373.5907122039224
2,299.3271712462817
0,125.08427479289819
0,284.84142567825927
1,61.20891842536258
0,1731.3226897235131
0,674.1131164331257
0,63.59982633717706
0,368.4068612595299
0,40.5692664342774
0,625.8733154825478
0,15.7824213408772
0,1386.7834062023753
1,122.10272645417746
0,326.6484398839014
0,302.4644791473778
1,458.39615204744655
1,1002.2410992014971
0,709.0880062075262
0,2207.5381723795645
0,1007.4501329438657
0,650.4621889905491
0,2008.3943839417855
2,1224.8904829828737
1,53.08878172958365
0,158.2545392704621
0,5174.022782562961
0,132.0188134342577
0,3129.5738849030718
1,1116.7927144974776
0,125.35221192564234
1,58.85348694353636
0,1155.066402150743
0,1641.3448318101243
0,1472.130445473389
1,1930.617279387201
0,2851.0756422478407
0,136.31153850664086
2,940.9982356962744
1,640.6443534788407
0,918.6689340266432
0,68.32304468532854
2,374.3490145817395
0,543.2879581940404
1,558.7969534355096
0,2660.7768569308773
0,240.99815721079383
1,1904.4433756257017
0,605.9050508181383
0,91.76539580389546
0,562.4419193434103
0,585.4382190519597
0,3305.6781988460334
0,927.2560793435532
0,154.43452186209925
2,1458.8641915734145
0,852.3192021426228
0,315.57461864485407
2,266.85941320770786
0,1853.1014091489562
0,1035.5977994596085
0,159.71807993412915
1,962.8437468077279
1,123.25050449502973
0,427.64979060302676
0,899.9261262039133
0,809.7500353398951
1,795.8116292115184
0,4395.731061050452
0,163.37953868130782
0,365.9795852717319
0,2191.621376606271
0,4367.1618124104625
1,534.6538756314515
2,46.2794383032435
2,1092.6419965047205
0,5.758090915787927
1,176.1232294175539
0,1340.7939312596861
0,1099.4578238427653
1,699.9809670094166
0,129.0146703972592
0,1596.4411696482757
2,878.0492536947039
1,359.02550871147054
0,264.12700833143754
0,518.5438001287017
0,3105.233964720736
0,401.90042190728775
0,640.766676255814
0,232.45681974578758
0,405.02765474408676
0,505.9409573103535
0,852.3865499184628
2,683.9975009352507
0,1659.2432033842201
0,2035.6368849648065
1,1923.5523706011943
0,3712.268333278676
2,615.2511638152126
0,155.80563866611863
0,327.73294947318806
1,1125.0817778744422
0,225.95396692089594
0,4887.212793246523
0,2747.1576176421454
0,370.4223533830822
0,254.6534238298932
1,404.8288139139641
0,2243.056786204439
0,726.4085134442081
1,80.3236264472451
0,969.1175732546532
0,1864.6569457010205
0,302.87632773097204
1,436.33336743020317
0,1627.7476764867265
0,636.0209650079338
0,290.1753722711885
2,1127.4048644286718
2,997.734929757977
0,713.302640660522
0,380.35377110513576
0,228.0906739864342
0,613.9631520208479
1,558.132760593604
0,302.5236518902452
0,617.084291891324
0,515.9444880015545
0,63.40347806279863
0,130.49382300803174
1,976.4586623872771
0,2146.1509763817107
1,464.17937977713586
1,4893.744031880547
0,1152.0573167476305
2,569.9970115338158
0,332.6882582070823
0,1512.0404580469574
1,208.8323234077388
1,105.16412059801223
0,433.8707436345649
0,398.53178087902137
0,439.50994161474273
0,232.49269501595484
0,995.8623946802888
1,285.03975716469006
0,367.2264623167252
2,316.38525757508876
1,614.5088160046502
1,1280.1405102987771
0,2655.4819576716322
0,2368.150103540564
1,35.79776415987172
1,1461.526731209231
0,964.9904868596935
2,1084.507023933373
1,461.6587980528803
0,310.3843618887529
0,2532.076172660647
0,96.11763105149402
0,535.3307341727611
0,863.8151163450747
0,5638.47636271374
1,12.469957646067819
0,2952.3979770745755
1,337.6291966878032
0,411.8792912444769
0,350.2994670591284
0,463.08223015744966
0,444.51035912526174
0,48.79626067824979
0,2533.360166456836
0,1514.2715867841296
0,91.09548423315377
0,1619.95175162036
1,635.6333209393716
0,486.6246669734002
0,339.21152774499046
0,673.4233751501624
0,924.3604445800883
0,293.88486521583735
0,2245.421715802851
0,997.5532168626062
1,556.7784088535408
1,2923.057174054566
0,630.1298216333391
0,988.400813425138
0,1942.108967943533
0,2015.3565659051837
0,126.00157975650711
0,495.8598548223075
0,135.1378332993054
0,1285.5891888007181
0,1378.1498543454043
1,1721.1719913902602
0,3078.7520139186595
1,512.2386151963369
0,36.951678163841486
1,2537.1279654845307
0,205.29966879863176
0,1277.0477601048601
0,1592.4710553092889
0,761.6206784771897
2,1049.2936215696068
0,408.4334687390258
1,78.67644243119747
0,400.59900663348384
0,2505.8338666199024
1,148.00476251102629
0,2823.4285664852414
0,2490.6895687255474
0,430.20854931955773
0,972.4272278121415
0,1360.9821023657178
1,210.66797970587353
0,110.90636430897352
1,333.603783242169
0,447.9695958865063
1,1854.0963029675372
0,1577.4878009739589
2,555.7695591726679
0,281.50696558427217
0,687.0733799631796
0,287.621477302017
0,172.11058546077453
1,1663.1679871476442
0,376.2164733333564
1,2156.0955927109626
0,69.02997070962371
0,404.2208532158638
1,1187.3378368142762
0,212.36842410235374
2,453.3241050692987
0,260.4326202749709
2,298.01536213266354
0,779.6401459417654
0,225.41803013257342
2,148.42632978991094
0,1264.0173773050542
0,817.1731885299253
0,3613.9717462969475
0,653.4590238685696
0,87.66719652081555
0,585.6044609294362
0,1511.3311834777796
0,570.8385650907425
0,3682.7972091950237
0,847.4261965635693
1,844.4843063666158
0,1745.720254204497
0,547.8857432076411
1,490.6955525667839
1,300.743685407312
1,413.47696712654425
0,392.63165450888283
0,1403.8596040536677
0,570.7660553446268
0,1075.9061395846074
2,1041.589330206912
0,525.9616777476941
0,2202.229441056673
0,956.1378112468262
0,388.0930316184549
1,1154.0777178750716
0,1210.0268571532295
0,2846.5485375026465
0,772.7229535268161
1,1234.2487239510697
0,146.85012443601033
0,1020.7657370018188
0,152.64841236890388
0,393.10466969142027
0,2446.988905899479
0,235.67313500402986
0,1447.2536758832198
0,366.59658241295944
2,919.627233716974
0,837.8149580942712
0,233.81422747302068
0,544.0159331426647
1,1039.804424055576
0,105.78334314594657
0,2850.843968061625
0,446.0192801950445
1,572.4639214547752
0,961.2173553726147
0,439.3138154512851
0,425.21998341197246
0,1041.1510670900232
1,782.2582982894611
0,91.59320998462849
0,803.3888030398973
1,1045.5850014531784
1,1162.1181288403782
0,7364.931678757876
0,549.6762979975039
0,518.7129284510478
0,427.27916763825857
0,1507.1307669199161
0,83.2680320093526
1,1414.001799240347
0,235.95632848269165
0,1487.09095329724
0,773.1340435760206
1,364.1663809011751
0,185.14500799780242
1,212.06562605662202
1,2481.9533315503104
0,15.34963460979431
0,285.5575910341856
0,239.93860404100204
1,2788.3808954367078
1,418.74823267297984
2,25.95483571299673
0,1461.6479378639665
0,61.3170858771589
2,748.2743916827512
1,1563.6929136090282
1,377.78446886062113
0,143.4489047947296
0,2125.283629716757
1,572.6943852486011
0,118.97250040589222
0,391.7311822511872
0,271.1009998059267
0,1638.8874710101395
0,257.84084497791
2,535.2308072172891
0,56.300966832624376
0,923.913667657424
1,758.8356693910225
0,354.77114848412737
0,863.597897230015
0,697.0748170017365
0,93.03914341021586
1,537.2346052640626
2,2153.23413543318
0,23.089746275838714
0,739.4703001483946
1,220.43917748671575
0,1403.583982082121
0,178.78375594114888
2,1143.7541130181974
0,690.887856969474
0,686.476561566332
0,1099.7663834211314
0,424.2015248223365
0,545.6617011371926
2,283.14330871942803
1,79.29222909195505
0,993.7098612855515
1,867.4957348146337
0,55.43762302125709
0,1924.0104919377509
0,1050.8338812432628
2,663.1096200068339
2,868.4879369719246
0,2227.3505777520445
2,554.1011253147104
2,294.2710085924357
0,1306.357660291945
0,2078.480491834348
0,1233.6465183165967
2,534.9634898412465
0,1486.310036765643
0,554.407790168359
0,573.23666062037
0,1532.0066020692007
0,179.69904298505418
0,405.4570460711419
0,719.2381869348806
2,1527.7092105413087
0,470.8893382046762
2,447.55500777486725
0,909.545936956479
1,26.69141647129676
1,144.73023009911495
0,2435.277167959849
1,322.4697415256009
0,594.8063515157024
0,1150.8062002304039
0,620.7448305556167
2,2251.433652382432
2,376.74691173410343
0,1117.9495141721325
0,1281.8262550361612
0,950.1232388767045
0,1454.415559816834
1,579.5518187168702
0,65.59918589286258
0,737.6955144589837
0,747.3569282673706
0,1770.0015217455893
0,1428.2243759770815
0,710.6062509416312
0,1294.010818298281
0,903.8362826379191
0,325.36661060745047
0,269.0800906799042
0,774.0278239662684
0,1983.8403511145375
0,1185.7863214445701
0,60.748171249449086
0,943.0020280390006
0,272.6395766018149
1,294.0562057561259
1,2347.698852960576
0,259.0542325613448
1,1839.6857983995258
0,1922.6889110428945
0,124.94632206915453
1,2712.6717907994844
0,1208.5336237078666
0,264.1564196281152
0,436.97613142111175
1,1730.8300372531144
1,2830.985416247748
0,1113.9079233080085
0,1816.9620512682461
0,2024.509268219253
0,1284.1856379290116
1,425.6647787245109
1,54.79345293749087
0,756.6193343322032
0,1678.7431348190244
0,268.90111339857924
0,375.42876276511856
0,759.4178714578048
0,430.04328804557144
0,764.1089331605747
0,1230.863909511479
0,364.6637362021618
0,713.374364648175
2,682.347732308206
0,352.2782802462732
0,1589.0591398615538
0,25.17588573391231
0,4901.7847763732825
0,567.4863043693781
2,1161.2759796754601
1,361.24359842721276
0,826.7450927103205
1,233.62944236750457
0,221.2871526347781
0,876.7499914987409
1,852.5336373509207
1,2473.3653404581196
2,1528.3088160944849
0,1379.120677785414
0,468.5660230746808
0,53.033222490047464
2,401.2783378929772
0,912.7992805963315
0,364.643735775727
0,1874.6547455538391
0,255.3877876209345
0,129.33891391599008
0,157.82348400584868
0,1296.3450488358915
0,1344.4550729654234
1,4172.497319308344
1,1261.6380703152183
0,2704.115448725812
1,426.33212268536573
0,1582.2683166202055
0,1346.786781087753
0,540.2557380294953
0,470.5472721139571
0,453.57376171009736
1,961.4001440239178
1,2212.7207141330778
0,195.86164567940207
0,1434.9776578458986
0,208.0709438929253
0,1060.1705863956681
0,20.151447189307593
2,710.9283194328141
1,2303.206713600879
0,1292.339539455409
1,2457.937021126996
0,1498.3850877370032
1,711.10203316451
0,319.0731911639611
0,129.5138402761222
0,1202.092933417298
0,1121.5974659290212
0,2672.21598156692
0,67.72669236298184
0,101.5008145435356
0,497.4640169390936
1,59.37699295786714
1,1963.0706503600559
0,34.065731501736515
0,943.9362822655452
0,52.460221127568126
0,787.1282371705737
0,32.156793199004575
2,2670.394861707242
0,395.4879442549702
0,279.66974186370334
0,676.4183609086567
0,135.3379531818278
0,1203.4850910546484
0,1156.4358329528575
0,141.9111575683036
0,546.2081310559226
1,621.0296096362091
0,1160.4903491512484
1,512.2306480946548
2,916.6060579214782
2,546.0039970045984
0,1819.928541349994
2,1486.7210132358296
1,1244.0037784322558
0,564.7765926651572
0,652.3432181408396
0,801.1259231746766
0,1406.4406558790063
0,932.8770315487972
0,508.719902357889
0,785.7934801737852
1,808.0670371966092
1,823.8707940248203
0,687.1669534978116
2,292.62125992262077
0,236.75039290091405
2,660.4648154234932
0,684.8332828998954
0,2082.4857053028545
0,493.69446818321774
2,779.8218113425119
0,586.6269275471639
1,1785.6331919500024
0,1668.1507368900548
0,130.72466032462407
0,1746.236056833644
0,344.8416792116645
0,27.42251739706202
0,2206.626002411867
1,120.50438777527975
0,2497.2273265607573
0,1300.3641259582055
1,1317.268443776058
1,550.3118652878625
1,155.3691881421639
1,88.69593489961319
0,699.6888061061693
0,146.68095133159238
2,1000.2014145528766
0,233.96846791995628
0,643.0573521998051
0,555.2802176224637
1,4072.0176416951153
0,126.60644110789596
0,286.59818459319416
0,18.017394415614948
0,86.5023403550822
0,164.97305928281753
0,2221.5304611968522
0,557.8036824460877
0,456.7043777730811
2,991.0004953460883
2,135.70600979921642
1,210.60302226805246
1,867.7876587327065
0,152.97799777877336
0,138.1870515932672
1,627.6879349997977
0,645.4115836481899
2,106.33944006816697
0,1448.858093111335
2,2513.307643199361
0,1295.5047542252812
0,2483.5021213078053
0,150.31291227422182
0,2247.1101300380283
0,719.0948073141551
0,281.66001717284524
1,2312.3586764667143
0,3446.443504793229
0,2718.701459659478
0,1296.9444414258048
0,14.833190305009216
0,855.8499392925919
0,1313.6680376551842
0,1952.0894579848402
0,54.07037964635932
0,909.7397062347865
0,369.87112668959895
0,898.67940541476
2,259.22833724599866
0,1886.220714511752
0,2698.687052400993
2,4250.727853675378
0,2778.0621731699694
0,458.5462176370011
0,1774.449549970902
0,750.3032084372486
2,436.54408392995356
1,250.9734896719798
0,530.0001554874874
1,1015.2389480608716
0,1200.688606653554
0,462.29523311738643
0,426.47367786719775
0,165.24393796248535
0,531.3831161261036
0,1546.2320646849055
0,1028.9870612786985
0,1051.0430497948248
0,1417.9920440553396
0,2290.453552882743
1,852.0878219015167
2,1716.0582944372052
2,1577.2545738488006
2,1741.8170906404944
2,112.3938450576291
1,45.43189854728289
1,1214.9884499595075
0,1226.973754922312
1,3265.3671826845257
0,470.40763144923716
0,51.46365409141885
0,631.7317999304595
0,1326.2021870344008
0,14.974851143238956
2,744.6808629632768
0,191.05767686389322
0,939.0514544409727
1,140.95602449618346
0,149.7992269682061
0,928.4247855577179
1,316.94335545419193
0,2283.092699176139
1,1268.9821567431031
1,252.52490002315315
0,4388.159589918234
1,964.8409718635553
0,856.8244919759466
0,1.9395761301437817
0,299.45366419151736
0,1319.9715996812552
0,1542.7047646693466
0,583.7404629900526
1,1042.8057332391259
0,1240.6227265651403
1,1713.8829904242077
0,791.8533414179183
0,2155.4858997891347
1,4492.404738285656
0,486.8845244503949
2,330.646357537471
0,86.23024404625252
0,461.378069824143
0,361.3031986306483
0,629.297808856075
0,245.9953307547561
1,1233.541865898168
2,162.78157820662523
0,327.09054869768255
2,1042.7265534681237
2,1331.0237686083897
0,1018.4886807106004
0,359.3161074759278
0,541.0146175003885
1,794.200677769678
0,1845.951320469026
0,1304.3050791196665
2,167.4809911446143
0,1379.1890939571394
0,379.224452548391
0,724.5261918848774
0,1223.1375102794186
0,377.11112203056877
1,944.184197575223
0,229.25124769866704
0,90.92615230689002
0,373.2602363725874
0,5171.637139226023
0,857.5445643889865
0,554.864873572093
0,161.53658646720734
0,1178.4325210146706
0,333.39628332815084
0,561.3454946661884
0,2718.6227243502703
0,374.197067040061
2,1249.5709563999233
0,1652.3537071161472
0,477.1236309906694
0,35.376554134733595
0,85.22559143858211
2,36.81118626704806
2,1727.3971116079024
0,634.2661075819777
1,86.50994436733104
0,1775.9163307731853
0,2298.238544793596
1,220.33831489586336
1,1225.9238422639057
0,476.51208769370913
1,1291.0487987423924
0,1818.872728692976
1,510.73207471173555
0,926.3292686297602
0,467.3830194146713
2,143.3374547614044
0,2575.8343633774884
1,62.69484661240793
0,1134.3718570577794
0,2898.771375486616
0,2444.3502526013885
0,959.2080129138237
0,1596.418108646199
0,172.95920919740593
0,1206.7794430988363
0,921.2064977085159
0,512.0536299388832
0,570.4188208116168
1,229.1941665330059
2,195.5344286958375
0,663.7653750981075
2,744.9449894213634
0,265.64504482931017
0,964.0354691515415
0,1455.2604449428136
0,471.4850871917947
0,372.16466312658423
0,551.2265017121779
1,61.153195122088235
0,2156.839305994148
0,199.04362942409824
0,984.0106778266021
0,44.26799746507765
0,264.05796188899376
0,62.54678086304086
1,542.4700198078837
1,1633.089378192969
0,452.0202646945189
0,2338.0143612270604
0,569.6388695276625
0,119.36377877225357
0,740.2394109305895
1,638.9322947961398
1,420.6945828076631
2,781.8098150959481
0,2273.4037432389387
0,2033.650387218603
0,1039.5583950976322
0,599.9863883438642
2,388.7569185479114
0,302.6496535094047
0,1590.1524640811053
1,361.82283364162606
0,473.2512221514857
0,1423.1144825041647
0,944.5448739910559
2,59.697919920838686
2,608.2683022160887
1,1624.164982173134
1,485.87439490514225
0,1636.5920706676854
0,2172.608981891796
0,1540.2735698064798
2,737.0855558676567
0,270.42377572361164
0,1794.7246554902363
0,411.08904481194236
0,1605.5076189272968
0,621.1721998987797
0,1124.175957121614
0,368.91626007852466
1,754.6171599641397
0,38.65311908564063
0,2105.6856236689187
2,625.9904294941142
0,1449.2928986615846
0,984.4389583343909
0,29.13644646133271
0,549.1101679947152
0,2124.0272748358293
1,1210.046788363541
0,2053.6504209403315
0,1650.6930906728267
0,2854.6676329517195
0,1206.7592198293473
0,7522.15432275923
0,58.46263278731513
1,498.4606305497654
0,1378.8048243193975
1,4303.570096394719
0,1598.480454649755
0,181.77579150919473
0,365.3788936339415
0,338.25033959915703
0,394.1868158189436
0,3474.9282149158425
1,1814.909860149763
2,369.5938914951038
2,2025.61576945204
2,301.983952388286
0,1019.7331918084152
1,230.46526113869143
2,733.2465551126346
1,1467.413493689032
0,1512.3427131644885
0,2013.6101981423203
0,865.3093160533895
0,1943.4381773597827
0,30.16945892159836
0,341.8664763745395
0,1111.7705995875626
2,213.55663341630347
0,1199.6112661636685
0,162.9944139600916
1,48.365033637693806
0,175.8965772195859
0,231.01532657943213
2,295.8367753664726
0,3075.508735048971
0,413.9266719723582
0,33.034987588020186
0,553.7096337107594
0,609.3358386850537
0,861.804210529191
0,772.7838972776932
0,675.1281460461485
1,825.1356450642653
0,246.01737225871048
0,165.73834461811714
1,185.36581433314885
1,555.3392975522188
0,1787.3311021996174
0,428.50284215473397
0,605.4331062541038
1,242.13396532547893
0,170.165524964567
2,492.2796965186854
0,2614.680150696333
2,74.16121074346223
2,262.0063071412702
0,1411.9563310030805
2,700.1191240770916
0,193.41820795838132
0,1888.5013431044406
0,539.1007765111017
0,5664.793634147348
0,405.0413608069098
0,199.5054602030771
2,486.10088575887124
0,357.23341170623416
0,4235.556085507181
0,338.33382238699176
2,357.945575026675
0,3479.142272508058
2,1523.0243174401817
0,231.31545335739034
0,742.7336401994339
0,599.4686552074661
0,1091.2976274525488
0,166.90513703210533
0,452.67727091061056
0,455.50168844719593
0,310.6519470998757
0,258.2240268970332
0,969.6339145938506
0,235.34681784502646
0,69.0298625649113
0,163.90087307187866
0,479.6342253287725
0,1098.4732625030513
1,3495.0728974192157
1,936.4908466504808
2,612.444706578715
0,369.57782888786795
0,475.45857639644214
2,1118.837088121539
0,1600.9517315235605
2,49.00366584493796
0,1129.5584045548958
1,599.9586319925837
2,361.050565738553
0,1425.7688337795528
2,2522.258410549333
2,71.09224581867055
0,141.31672794983987
0,487.08826634196066
1,127.45590748206651
1,500.62643829694787
0,1622.1296214204726
0,126.18912179071717
0,908.0976352934141
1,891.4895505140194
2,1305.616102654725
0,873.4347930001735
0,400.83928428289823
0,57.103838975391284
0,1838.9650022013993
0,714.8016757567915
0,94.68263289002299
1,1386.9845398452837
0,3082.5099468156245
0,999.5997100599114
1,528.0081020274858
0,149.39659218644493
0,1402.7732416270076
0,684.3484557998818
0,552.1301053856968
0,1089.2674530553252
0,487.10154519359793
0,27.805768822850517
0,1119.2476817637905
0,787.9264855091889
0,2203.4561810911296
0,382.38462973161285
0,71.73147594729002
0,1132.5498060412592
2,91.55363551646762
0,836.5614817502845
2,1461.513285681075
0,247.604272648437
0,2654.3450310248127
0,229.46264924805607
0,1445.0074278249074
0,360.7487010820543
0,943.9171967610404
0,2589.4874142700323
1,170.31799931837648
0,4017.697169735542
1,172.0258732244085
1,1170.9784051172257
0,362.37978295171547
2,182.92340277466553
0,17.52109149803531
1,2441.321897257446
0,139.5613507074347
0,84.43537311877633
0,841.8259689867277
0,451.0262876114599
0,683.7558298155446
1,1807.4413849768148
0,86.07402787721522
0,17.041155820191754
2,799.4602637085827
0,325.7170737360512
0,262.6618138847133
0,387.83488103987037
2,371.88499234046503
2,2270.580336028168
0,2205.262408344318
0,296.12574889713187
0,2256.1860627402366
0,382.69411666724204
0,1170.322338958014
0,1599.025478553173
0,1946.5532727748155
1,1198.9461959413152
0,1829.1956737870555
0,610.5502382123789
0,54.204376697801415
0,550.3352162085409
0,3177.620390158724
0,173.8460551334357
1,5073.441742246032
0,1234.0894928720452
0,6575.579463427771
0,444.0335054644357
0,479.7158364679659
0,4398.287091704214
0,463.75468845024545
0,787.5704530972273
1,1164.5601097167562
0,1974.141742238447
0,136.09840695504462
0,679.9953357971774
2,353.74082128904996
0,314.9955602781562
0,4395.9929656823315
0,1472.147347305489
0,255.28202819766722
0,601.5490208087193
0,299.4226088118391
0,443.1779504717142
1,5719.950778950526
0,668.7144831051575
0,266.6524098825708
0,223.99935175293157
0,192.00014878929835
0,1478.9051626358214
0,142.76259644921691
0,224.99927654394497
0,2843.8785761837294
0,555.6255948208119
0,410.0321962613132
0,1835.6899576971127
0,2122.7121322459666
0,1162.3651524012598
2,2341.8943367791962
0,1953.1786634170667
0,606.1635737079916
0,487.8225939927746
1,745.8712158670196
0,354.91462245425316
1,1268.6403366643578
2,693.5813765439632
0,600.8803048239869
1,307.8331760357738
2,520.9704099139284
0,150.20174503854545
1,2256.353870615718
0,1350.9395563558867
1,579.3793171367965
1,1989.6540954386571
0,279.66901057455846
0,561.5916830325651
0,955.1948420546919
2,31.785297254662893
0,176.9231820789067
2,538.2485614414867
0,871.070129001899
0,170.26818974256315
2,480.85045903550196
0,211.98549983818324
0,332.10834470477664
0,432.7752625660513
0,992.8223616693824
1,297.6489618747484
0,179.09599999894346
1,2804.942869728081
0,1188.5961746681978
0,2558.6784999965885
0,2013.0408139268216
0,289.3588634392837
0,1682.224164554822
0,410.90519747291006
0,1409.071998978105
0,2559.893530742886
0,130.2952285113046
2,2467.2124271203597
0,2633.7777267934744
0,2047.3222378187147
0,147.16763787282247
1,144.77087875694622
2,203.20432360789147
0,72.50266562355388
1,1345.6024362419807
1,915.304637640638
0,821.9986676921197
2,938.0717509501595
0,1018.5805497578305
2,640.7302888463112
0,741.6894866202899
0,1501.107370743373
0,129.43444302406664
0,822.216658042424
0,4337.48488667156
1,459.87206450825346
0,119.9613967004174
0,137.5748220661193
0,1764.9334677421894
0,1700.1138763202875
0,866.2633869602214
2,131.38153395441634
2,315.372503973545
2,3043.9981069721803
0,200.94567343827816
0,2217.0216697006394
0,1302.4067766899798
0,47.73007582044192
0,539.6484354138167
0,1361.8289158264402
1,612.6073833028003
0,2778.222647288128
0,1108.3132890110821
1,65.21476475690616
0,308.45865750527327
0,391.363999915256
0,50.29945301126144
0,132.19504269253306
1,0.23608255743313614
0,3073.356024733353
0,224.31520902013287
0,185.36491861641247
0,944.6065589648931
0,191.32990636757853
2,608.7874338631698
0,113.20734034542124
0,1614.1318864279908
0,108.85397171356728
1,808.75521390219
0,50.88586407676648
1,162.38702219228983
0,1495.2944265710864
0,407.8251019921873
0,223.06029362766412
0,1529.6458912643154
0,2186.378096480836
0,84.57827962906266
1,989.326228703753
0,1444.258016875284
0,1097.544566055334
2,293.3935921103437
0,22.405453706624872
0,1112.0269050434636
0,1070.365442998425
0,22.36875536369211
0,1302.4500439294013
2,471.82679341830396
0,535.7559053150727
2,1517.9875166456163
1,1464.0127104973687
0,1029.9516463693485
0,1630.0148783109096
0,1952.3095267363656
0,1072.6557620345243
0,758.8518642659028
1,2136.3064965059416
0,1053.8505054648374
1,1898.3796101886649
0,1832.6762314391942
0,2230.6604051986433
2,992.5732151295917
0,1138.5099855555084
0,0.8018344739724922
0,330.07067589158106
1,1769.8263100534184
0,806.0389068060006
1,2033.9710211870722
0,451.80858610180013
0,1043.5140084906877
0,2749.400930762529
0,271.0665720236169
0,2638.4268270893585
0,4.244763988759289
0,1727.8631496873966
0,734.4109815953351
0,1043.2743485879773
0,218.47926793986335
0,1174.8560649941855
0,1523.8185024262812
0,343.94276168476915
0,301.4340226934622
2,533.2984697209208
0,2.3258039877260814
0,2104.462966825817
0,1499.4364826594763
0,161.00666612917962
0,240.47447451000141
0,158.81107472212847
0,1944.3703708710402
0,1251.2224293701877
0,10.001176019440763
0,2206.0584090358075
1,1589.1982670055488
0,262.9035946190392
1,673.8522374819916
1,1583.478598800359
2,2053.006147794251
0,1061.0298648609464
0,252.74487905138471
1,1429.1963987113327
0,665.6263651760288
0,81.24606714318581
1,1432.574376394205
0,522.9691679487721
0,2392.670395534899
0,306.17167906091373
0,846.1427321992508
0,5247.547977914076
0,1184.4875979134476
0,948.2037477188395
0,1298.5883939943815
0,350.7919004812122
2,4159.985128470589
0,327.77404897838574
0,306.196128673467
0,425.44900053449373
0,693.2098669293161
0,1236.8410231608593
1,473.2068034730864
0,1371.8088340630172
0,1889.7624930815582
0,993.8142139577068
0,2299.617373258673
2,893.034180532261
0,347.91953186991134
0,38.218411628732994
0,1356.822661664605
0,295.6746930814153
0,767.5882924389414
1,19.858335173671858
0,514.884496470025
0,5258.992025573719
0,6097.200528399674
0,1078.3474542922002
2,70.7757596242764
0,217.2649060839694
0,957.6494905655759
0,282.8489467265268
2,86.29240472123055
0,3271.2167291786677
0,557.2924109024965
1,508.39986442504824
0,882.554109668375
0,149.81097919965012
0,833.6521711592736
0,878.8724387079158
0,225.51984834493445
0,950.1099796809166
0,263.9789450784259
0,153.11333010023534
2,146.11562189722966
0,6.702119702784111
0,794.9256578083704
2,958.7838635864609
0,3.7022210371437194
0,820.0781745985265
0,64.36596672575082
1,69.01609279174593
1,409.86794332923995
0,312.5440908874918
0,656.4561313534147
2,269.3539349377525
0,332.1066042513392
0,386.5015679429489
1,232.32911508165645
0,761.9666911302317
0,49.038880479851095
0,986.4858329839522
2,355.0901884965428
0,1376.8492556643314
1,114.3187867684624
0,1335.1406699412935
0,285.2695292857779
0,383.5110187548919
1,14.09617966472522
0,477.7823996571339
0,1586.5190568751461
2,1328.1697872935654
0,1076.3689804579026
0,2077.7488713484995
0,186.76185140992945
1,482.67835176865196
0,2874.679748305447
0,1528.6713123841548
0,979.9213977811003
0,2161.7787495410325
0,97.84651326957515
1,1497.460072302871
0,760.8063778811961
0,1.3310027419420207
1,70.73172405779376
0,2355.141103903694
1,737.6602736198806
2,1222.8567938354095
1,374.64027341990504
0,230.73448030689667
0,1058.1730921760982
0,197.36160223965456
0,1679.199347175978
0,205.68223891930506
0,57.07592960371855
0,183.40685054769804
0,113.60020380835708
1,976.3753765807429
0,2.7395126812805644
2,923.2365199461063
0,2019.0087205527761
0,14.11991589518189
0,610.915483554739
1,310.875606035877
0,709.7824392100722
0,1384.6087091954034
1,906.1839661696555
0,49.83848733782159
0,77.90916117173049
0,1099.2884750426697
0,160.79814004287397
1,1001.187653594601
0,615.4211359849171
0,192.3115080062281
0,702.9091477772145
0,1397.4013839573227
1,768.2085086153282
2,327.3035034767327
1,104.63282167732805
0,330.8016061102382
0,433.0210895946285
0,2203.839024116623
0,537.2331005748456
1,164.88038257312414
2,271.0393049322367
0,52.12711819779181
0,1454.5876583491652
0,677.098704798096
0,973.8137757961035
0,1099.7531086103897
0,903.2723430211428
1,1126.4694980747313
0,1777.3063643074013
0,1396.2534025282973
1,1653.7297130771078
0,841.2708442071737
0,2912.129761369894
0,936.0113128520869
0,63.62236923844894
0,661.1476661047226
0,359.40185029493153
0,693.4907203538593
2,421.7176973626407
0,179.3971903963758
1,11.419701586191325
2,171.57712535201742
1,366.2945621095814
0,1351.8499616138247
0,660.8815672889718
0,66.24123892443704
2,171.1806396508171
0,1114.650241205703
0,110.40480835884706
0,800.8578907082633
0,257.662896269261
0,300.95792865079903
1,104.82626852390908
1,310.48907568275916
0,480.58169641215875
0,93.15718562698918
0,594.0222024265676
2,679.9086665944191
0,1676.1227810991122
0,229.1659531066814
0,1358.6902944857636
0,1322.2170423087664
2,103.70043423537007
1,455.29784961280035
0,1131.468846258368
0,487.5190497637944
2,320.0579622586566
0,182.51777977869884
1,714.1413842790549
1,709.2240408657943
1,1273.3628888052676
2,731.1630951211785
2,800.3022357218626
0,85.5222819097943
1,241.17470999444677
1,332.5315442627088
1,708.5712054165062
0,245.38457492440506
0,795.4981992356163
0,5550.533567540942
0,224.0920694235471
0,1112.8229985773596
1,863.2285391308179
0,2696.446893457594
1,295.84816527938773
1,583.9045244581805
1,170.51590999398087
1,354.3289687162262
0,114.34737922817366
0,831.0032169021873
0,1163.571740844196
0,724.4938877414962
0,1671.902557679873
0,414.2026329457357
0,570.9910090061252
0,738.6683808159993
1,415.81772352200795
0,839.8596408557057
0,254.51591510692478
0,984.6318907096438
1,533.012962178891
0,249.16025199485998
0,1935.180488707045
2,1462.7171351253812
0,183.3971048191263
0,1874.61333276553
2,541.8292338984915
0,833.557820838868
0,183.77698103026128
2,1178.7460684973664
0,190.7035917111635
0,1444.1741163640174
0,879.1404491261211
0,206.47219517489788
0,2479.1593158781257
1,532.2584419793204
0,202.8968188177408
0,372.3979426174448
0,887.5479885614509
2,330.69885321541045
1,206.51070845610496
0,302.64943989150396
2,619.3249713098876
0,150.6310775755044
0,1091.3632769993562
0,431.16357397445904
2,254.4822618126481
1,911.6194274106947
0,596.7173058779985
1,738.175248692348
2,269.31205357532014
1,2146.5986063584683
0,31.65857375795992
1,1072.6469679325955
1,256.20963015988065
0,901.7904032728676
0,194.68093400130886
2,1928.915879282657
0,1524.280746463521
0,470.6487469073183
1,1070.5781514780467
0,342.6436856082614
0,564.5055770125094
0,1586.1502303110008
0,1419.3055837393301
1,1415.9953558103798
0,1709.0169174187013
0,289.64455324894845
0,1051.249074145751
0,421.04912978021895
1,1631.5034006185308
0,612.0793235192648
0,29.082035519582806
0,512.970086186318
0,525.4401475673138
0,452.7828082397571
0,1345.6888262378286
0,851.9711756134087
0,232.25647698271396
2,518.7782882243004
0,56.837456718474776
0,3084.0662444666514
0,740.1026497757211
0,250.83272975111802
0,468.3921715602664
0,623.473172708726
0,708.1179572165045
0,930.7006493145382
1,397.9536722017073
0,348.059012793661
0,779.4013447075098
0,1961.0919780527638
1,1178.3275605044112
0,309.6317918037936
1,119.65497382313671
1,583.6051203294641
1,2094.3798000173547
0,58.8165305697997
0,218.89768192300747
0,4848.194936315038
0,1767.3698485918776
0,2565.6285730443815
0,1190.12451427485
0,2534.5033760806664
1,310.93060860336755
1,1694.9593822295365
0,373.00818916977187
1,287.95708145192987
0,475.85584575259566
0,180.18388282424522
0,180.513444840595
0,1409.9127525977592
0,701.0948974169271
1,5938.498823937683
2,5004.307905775684
1,1011.1130291857264
0,1161.364751814374
2,35.46284091271443
1,845.3097616005973
0,660.4172276605333
0,1461.257392748854
0,177.8981935417018
0,2251.111956585728
0,998.0409627141546
0,2686.364500543301
1,197.41137805165354
1,506.993720492989
1,1809.1457873274235
0,602.8558557580524
0,354.42908818618275
2,377.24142773841186
2,1123.4526199632062
0,179.00876736908683
0,1144.3919122674927
0,1221.5844356567284
1,121.28527519988552
0,821.2410722236351
0,513.2535021432049
0,590.2851307806376
2,1017.2059913783309
0,30.499859243553264
0,1633.0060721375535
2,3452.9466149462473
1,497.94260668697575
1,173.53444505643228
0,223.73104890633905
2,680.2490548611436
0,555.344950031517
0,402.79252771523346
0,1021.7449345110243
0,491.67183933868404
1,1110.8848197678085
1,12.609494603150347
0,79.9848612273499
0,129.52793703487018
0,370.5473891494427
0,5147.343141546845
0,2039.4396363922015
0,777.612696161391
1,73.22417162298537
0,8.915773879647611
2,378.84492044884826
0,106.44996461131296
0,7.020276047151094
2,3430.5382320633885
2,941.1912267968962
1,1081.9920579115103
0,216.48797768354652
1,793.0923976056349
0,145.71799894518603
0,759.7844498514002
1,2566.118626559023
0,29.514317747881172
1,1950.8895122977697
1,1509.0752304277535
1,479.4782023928743
0,309.3978988607653
0,438.65639745405593
1,1278.615392527365
1,259.97928205724384
0,484.56741723975455
0,108.4829560089099
1,49.93574587250742
0,396.31568210010215
0,854.2605832623234
2,202.3317466737283
0,232.28759948323452
0,137.12384395771988
0,1388.0161429424616
0,270.5224279454394
0,415.85346619373473
0,1268.19039280158
0,360.7989380418332
0,1627.5345342455907
1,368.18439566634765
0,115.36504661578509
0,325.5603956182544
0,82.37401932091548
0,534.6609051535008
1,986.9887261793338
0,1989.7564181819057
0,2664.474371509082
0,58.82997558033288
0,322.9194816432687
0,1288.7393679232339
2,950.3274699540704
0,1196.3658624037155
1,809.2309842542817
1,2031.3460804094423
0,318.81202774741564
1,683.4505890168514
0,609.3357425780049
0,596.6081765655487
0,893.2099881918228
0,912.3979098865492
0,224.88266815011542
0,845.1682220699535
1,1450.2226133852496
1,2725.917700891687
1,992.2054894821257
0,714.2635628511675
0,61.802691702808765
2,15.146017939079691
0,2499.093708750812
0,209.77662194829273
0,997.4319200089296
0,424.35782039664934
0,809.8940352872476
0,632.4399585169065
0,438.2633147647295
1,378.7327559731841
2,1906.2968704662555
1,93.11700187882089
2,820.5750081407216
2,999.6869261366276
1,556.9777756969178
0,434.5523660515927
2,21.64600060371989
0,52.13305434774259
0,1029.1624803059033
0,1254.9062496265094
2,1063.7010731257194
0,133.01455847829342
0,1635.3073999017925
0,571.3534554936688
2,1478.8133708331995
0,360.56652283681825
0,1144.9536121548242
0,144.796852108178
1,1932.7022608781958
0,83.84698421150256
